"Sex","meanFare","numSurv"
"female",44.4798178343949,233
"male",25.5238934142114,109
